 ,Area,Mean,StdDev,Min,Max,IntDen,RawIntDen
1,0.011,583.030,59.010,333,839,6.422,61020480.000
2,0.011,746.686,71.144,460,1624,8.225,78148946.000
3,0.011,551.270,54.461,354,1414,6.072,57696460.000
4,0.011,34748.512,1376.426,24973,37960,382.748,3636813981.000
5,0.011,409.332,35.609,283,545,4.509,42841084.000
6,0.011,574.614,53.690,339,1137,6.329,60139716.000
7,0.011,812.468,61.978,471,1121,8.949,85033666.000
8,0.011,688.868,85.204,435,1278,7.588,72097575.000
9,0.011,913.841,165.859,543,1334,10.066,95643551.000
10,0.011,660.197,44.050,485,1156,7.272,69096893.000
11,0.011,36413.036,2337.471,8133,42837,401.083,3811024788.000
12,0.011,438.795,33.894,271,624,4.833,45924679.000
13,0.011,632.409,56.924,406,1070,6.966,66188601.000
14,0.011,1091.250,104.737,678,1803,12.020,114211292.000
15,0.011,527.593,91.734,317,834,5.811,55218423.000
16,0.011,456.541,44.630,261,611,5.029,47782018.000
17,0.011,574.558,53.768,387,1164,6.329,60133814.000
18,0.011,42106.381,2009.436,33300,46783,463.794,4406895961.000
19,0.011,565.032,44.377,348,767,6.224,59136783.000
20,0.011,728.173,134.421,451,1326,8.021,76211296.000
21,0.011,493.883,36.758,332,745,5.440,51690285.000
22,0.011,536.067,34.762,324,695,5.905,56105305.000
23,0.011,512.761,44.714,312,728,5.648,53666088.000
24,0.011,514.866,56.600,351,1328,5.671,53886404.000
25,0.011,39937.924,2421.912,31851,45257,439.909,4179943022.000
26,0.011,513.356,31.796,303,690,5.655,53728310.000
27,0.011,619.659,44.988,390,887,6.825,64854080.000
28,0.011,901.617,125.801,578,1277,9.931,94364100.000
29,0.011,564.145,55.148,310,792,6.214,59044007.000
30,0.011,708.700,64.655,452,1525,7.806,74173273.000
31,0.011,535.059,52.176,352,1366,5.894,55999796.000
32,0.011,23339.604,659.819,17510,25445,257.081,2442746342.000
33,0.011,407.937,32.510,282,541,4.493,42695079.000
34,0.011,558.995,50.459,312,1132,6.157,58504976.000
35,0.011,771.250,55.181,478,1060,8.495,80719763.000
36,0.011,676.518,80.748,429,1243,7.452,70805017.000
37,0.011,864.539,150.077,532,1277,9.523,90483492.000
38,0.011,649.274,42.229,471,1143,7.152,67953634.000
39,0.011,30687.521,2047.208,7216,36691,338.017,3211786599.000
40,0.011,441.498,33.731,273,647,4.863,46207607.000
41,0.011,623.162,53.522,407,1074,6.864,65220727.000
42,0.011,1021.975,98.442,635,1682,11.257,106960948.000
43,0.011,518.920,80.240,319,775,5.716,54310638.000
44,0.011,456.938,42.376,265,615,5.033,47823621.000
45,0.011,570.874,50.324,392,1106,6.288,59748264.000
46,0.011,32950.043,1656.137,27010,38358,362.938,3448584419.000
47,0.011,560.370,43.655,387,737,6.172,58648931.000
48,0.011,694.542,117.665,441,1217,7.650,72691474.000
49,0.011,497.716,35.660,341,733,5.482,52091415.000
50,0.011,539.971,34.669,321,682,5.948,56513887.000
51,0.011,519.307,41.630,308,744,5.720,54351170.000
52,0.011,509.426,52.047,330,1276,5.611,53317084.000
53,0.011,32955.332,1892.401,26977,38151,362.997,3449137965.000
54,0.011,519.930,31.919,296,664,5.727,54416391.000
55,0.011,613.534,42.775,415,873,6.758,64213112.000
56,0.011,848.744,114.973,546,1228,9.349,88830414.000
57,0.011,564.396,57.378,322,850,6.217,59070243.000
58,0.011,706.899,65.833,451,1550,7.786,73984734.000
59,0.011,537.479,56.210,345,1368,5.920,56253097.000
60,0.011,19654.042,595.541,14551,23309,216.485,2057011700.000
61,0.011,410.022,33.133,286,540,4.516,42913356.000
62,0.011,560.670,53.058,305,1202,6.176,58680259.000
63,0.011,773.361,57.302,493,1062,8.518,80940732.000
64,0.011,670.521,78.527,427,1281,7.386,70177372.000
65,0.011,849.828,147.031,519,1280,9.361,88943816.000
66,0.011,642.533,42.140,447,1154,7.077,67248110.000
67,0.011,26772.370,1812.034,6286,31916,294.892,2802023049.000
68,0.011,443.843,33.356,286,626,4.889,46453073.000
69,0.011,618.356,52.954,403,1067,6.811,64717736.000
70,0.011,1003.125,100.616,623,1708,11.049,104988030.000
71,0.011,514.783,76.713,279,764,5.670,53877722.000
72,0.011,457.851,42.049,264,605,5.043,47919120.000
73,0.011,569.415,49.484,390,1017,6.272,59595568.000
74,0.011,28778.241,1504.323,23573,33718,316.987,3011959489.000
75,0.011,560.440,44.065,376,749,6.173,58656216.000
76,0.011,690.051,116.765,442,1198,7.601,72221439.000
77,0.011,502.109,36.437,335,749,5.531,52551245.000
78,0.011,544.199,34.794,325,723,5.994,56956459.000
79,0.011,522.315,40.918,313,716,5.753,54665983.000
80,0.011,506.019,50.906,347,1307,5.574,52960465.000
81,0.011,29267.964,1848.401,23880,36455,322.381,3063214383.000
82,0.011,524.751,32.126,293,669,5.780,54920986.000
83,0.011,611.681,42.557,413,903,6.738,64019097.000
84,0.011,837.584,116.574,512,1189,9.226,87662397.000
85,0.011,572.173,62.444,300,853,6.302,59884223.000
86,0.011,712.271,70.154,437,1586,7.846,74546967.000
87,0.011,548.027,63.314,355,1324,6.036,57357023.000
88,0.011,17148.960,594.652,12848,21826,188.892,1794827313.000
89,0.011,415.357,36.175,285,667,4.575,43471636.000
90,0.011,570.322,58.445,319,1109,6.282,59690428.000
91,0.011,777.030,61.667,484,1035,8.559,81324755.000
92,0.011,664.467,76.922,429,1419,7.319,69543791.000
93,0.011,826.575,142.483,504,1214,9.105,86510148.000
94,0.011,639.439,42.883,448,1125,7.043,66924306.000
95,0.011,23464.432,1593.387,5476,28259,258.456,2455810927.000
96,0.011,446.641,33.305,281,655,4.920,46745943.000
97,0.011,617.312,53.514,384,1089,6.800,64608455.000
98,0.011,976.731,101.586,600,1711,10.759,102225682.000
99,0.011,508.145,72.093,320,746,5.597,53183000.000
100,0.011,457.581,42.065,265,617,5.040,47890931.000
101,0.011,567.948,49.017,400,1029,6.256,59442024.000
102,0.011,25240.114,1328.003,20598,29727,278.015,2641655526.000
103,0.011,561.261,44.297,323,742,6.182,58742115.000
104,0.011,677.494,112.690,422,1219,7.462,70907170.000
105,0.011,505.436,37.322,313,761,5.567,52899475.000
106,0.011,542.908,34.764,334,696,5.980,56821256.000
107,0.011,524.197,40.131,318,717,5.774,54862996.000
108,0.011,501.030,49.931,338,1276,5.519,52438339.000
109,0.011,25779.392,1740.842,21161,34330,283.955,2698096978.000
110,0.011,529.095,32.296,338,674,5.828,55375649.000
111,0.011,611.473,42.739,399,891,6.735,63997365.000
112,0.011,823.154,117.332,528,1206,9.067,86152140.000
113,0.011,588.463,71.311,329,863,6.482,61589084.000
114,0.011,728.287,78.821,437,1640,8.022,76223276.000
115,0.011,566.609,73.373,353,1333,6.241,59301855.000
116,0.011,15338.569,598.187,11275,20546,168.951,1605349957.000
117,0.011,426.973,41.659,274,608,4.703,44687425.000
118,0.011,589.078,67.827,326,1155,6.489,61653510.000
119,0.011,787.737,68.997,485,1111,8.677,82445371.000
120,0.011,666.445,77.443,436,1390,7.341,69750797.000
121,0.011,819.648,142.201,494,1206,9.028,85785141.000
122,0.011,644.204,45.587,463,1149,7.096,67422987.000
123,0.011,21007.593,1432.268,5035,25336,231.395,2198675686.000
124,0.011,452.943,34.152,283,712,4.989,47405432.000
125,0.011,621.871,55.521,409,1104,6.850,65085672.000
126,0.011,968.549,104.576,607,1792,10.668,101369334.000
127,0.011,506.707,69.469,317,737,5.581,53032475.000
128,0.011,461.186,42.720,258,618,5.080,48268163.000
129,0.011,570.746,48.621,398,1026,6.287,59734845.000
130,0.011,22545.689,1183.534,18280,26521,248.336,2359654391.000
131,0.011,566.220,45.300,359,757,6.237,59261182.000
132,0.011,675.961,113.017,435,1214,7.446,70746784.000
133,0.011,512.533,38.989,352,761,5.645,53642230.000
134,0.011,547.005,34.595,315,695,6.025,57250140.000
135,0.011,528.749,40.365,327,705,5.824,55339357.000
136,0.011,499.183,49.789,337,1283,5.498,52245025.000
137,0.011,23070.771,1600.921,19003,31453,254.120,2414609918.000
138,0.011,535.231,32.554,323,698,5.895,56017774.000
139,0.011,615.118,43.849,414,918,6.775,64378888.000
140,0.011,817.746,119.475,533,1203,9.007,85586160.000
141,0.011,613.129,81.750,349,927,6.754,64170740.000
142,0.011,754.367,91.628,447,1519,8.309,78952765.000
143,0.011,592.988,84.822,361,1406,6.532,62062665.000
144,0.011,13904.588,596.749,10229,19587,153.156,1455268094.000
145,0.011,445.168,49.225,295,636,4.903,46591679.000
146,0.011,619.091,81.286,290,1288,6.819,64794723.000
147,0.011,806.455,79.261,497,1164,8.883,84404419.000
148,0.011,673.973,80.337,416,1390,7.424,70538670.000
149,0.011,819.940,144.646,502,1222,9.031,85815767.000
150,0.011,655.027,49.632,443,1141,7.215,68555798.000
151,0.011,19058.936,1303.773,4578,23007,209.930,1994727273.000
152,0.011,463.756,36.111,284,664,5.108,48537157.000
153,0.011,632.003,59.316,419,1162,6.961,66146116.000
154,0.011,967.520,108.993,595,1687,10.657,101261596.000
155,0.011,508.287,69.026,331,739,5.599,53197781.000
156,0.011,467.881,44.734,284,642,5.154,48968897.000
157,0.011,578.266,49.021,385,993,6.369,60521899.000
158,0.011,20401.949,1065.800,16678,24261,224.724,2135288430.000
159,0.011,575.942,47.694,371,777,6.344,60278686.000
160,0.011,679.828,115.697,425,1184,7.488,71151530.000
161,0.011,522.359,41.778,363,783,5.754,54670582.000
162,0.011,553.226,34.923,311,716,6.094,57901232.000
163,0.011,534.914,40.902,287,725,5.892,55984686.000
164,0.011,500.613,50.655,346,1276,5.514,52394670.000
165,0.011,20933.953,1479.889,17254,28918,230.583,2190968500.000
166,0.011,543.110,33.125,324,698,5.982,56842385.000
167,0.011,621.801,45.381,369,890,6.849,65078305.000
168,0.011,815.918,122.437,494,1226,8.987,85394833.000
169,0.011,646.355,93.403,359,1011,7.119,67648202.000
170,0.011,789.424,106.719,455,1609,8.695,82621929.000
171,0.011,626.510,96.492,390,1432,6.901,65571151.000
172,0.011,12727.045,597.904,9596,19063,140.186,1332025309.000
173,0.011,470.099,57.994,312,682,5.178,49201057.000
174,0.011,658.075,96.331,362,1239,7.249,68874753.000
175,0.011,833.611,91.580,527,1227,9.182,87246576.000
176,0.011,686.933,84.972,444,1363,7.566,71895138.000
177,0.011,825.809,149.365,503,1232,9.096,86429970.000
178,0.011,672.134,55.793,470,1195,7.403,70346229.000
179,0.011,17436.892,1197.142,3970,21336,192.064,1824962585.000
180,0.011,479.665,39.682,288,664,5.283,50202203.000
181,0.011,648.532,65.578,406,1155,7.143,67876018.000
182,0.011,971.052,114.943,591,1725,10.696,101631293.000
183,0.011,513.876,69.957,327,754,5.660,53782778.000
184,0.011,478.121,47.622,283,650,5.266,50040638.000
185,0.011,591.079,50.083,397,1014,6.511,61862946.000
186,0.011,18613.624,969.442,15183,22017,205.025,1948120547.000
187,0.011,590.757,51.388,382,795,6.507,61829241.000
188,0.011,687.837,119.727,428,1225,7.576,71989746.000
189,0.011,534.954,45.954,347,801,5.892,55988803.000
190,0.011,562.239,35.265,306,710,6.193,58844540.000
191,0.011,543.962,42.243,332,728,5.992,56931657.000
192,0.011,505.139,52.809,338,1277,5.564,52868380.000
193,0.011,19210.511,1381.150,15923,27197,211.600,2010591339.000
194,0.011,553.637,33.994,362,704,6.098,57944194.000
195,0.011,632.202,48.344,405,893,6.964,66166869.000
196,0.011,816.412,126.278,503,1209,8.993,85446494.000
197,0.011,685.487,104.867,371,1072,7.551,71743731.000
198,0.011,830.498,121.488,498,1573,9.148,86920741.000
199,0.011,665.034,107.376,397,1406,7.325,69603083.000
200,0.011,11738.437,598.115,8765,18271,129.297,1228556564.000
201,0.011,500.473,67.013,323,735,5.513,52379959.000
202,0.011,705.421,111.704,364,1225,7.770,73830039.000
203,0.011,867.670,104.259,503,1272,9.557,90811249.000
204,0.011,705.281,90.713,459,1400,7.769,73815449.000
205,0.011,831.771,154.054,498,1256,9.162,87053993.000
206,0.011,693.177,62.984,486,1182,7.635,72548625.000
207,0.011,16034.401,1108.871,3746,19617,176.616,1678176443.000
208,0.011,500.892,44.671,293,694,5.517,52423815.000
209,0.011,670.992,73.416,429,1194,7.391,70226708.000
210,0.011,975.057,121.922,581,1728,10.740,102050393.000
211,0.011,523.145,71.906,320,764,5.762,54752915.000
212,0.011,492.140,51.656,289,682,5.421,51507914.000
213,0.011,608.990,52.338,405,1011,6.708,63737497.000
214,0.011,17114.958,892.984,14158,20202,188.518,1791268613.000
215,0.011,610.717,56.907,396,848,6.727,63918285.000
216,0.011,698.466,124.667,449,1185,7.693,73102167.000
217,0.011,551.862,51.312,336,844,6.079,57758451.000
218,0.011,572.939,36.255,339,739,6.311,59964364.000
219,0.011,557.152,44.670,337,764,6.137,58312120.000
220,0.011,513.029,55.651,342,1327,5.651,53694168.000
221,0.011,17678.462,1279.001,14614,25110,194.725,1850245480.000
222,0.011,568.263,35.829,346,730,6.259,59474937.000
223,0.011,647.183,52.544,442,946,7.129,67734809.000
224,0.011,819.380,130.438,505,1229,9.025,85757095.000
225,0.011,729.494,115.378,389,1144,8.035,76349551.000
226,0.011,876.089,134.977,449,1632,9.650,91692387.000
227,0.011,707.802,117.587,426,1493,7.796,74079285.000
228,0.011,10872.314,598.515,8190,17804,119.756,1137907249.000
229,0.011,535.065,75.651,342,812,5.894,56000467.000
230,0.011,758.229,126.125,403,1346,8.352,79356982.000
231,0.011,907.620,116.843,559,1332,9.997,94992457.000
232,0.011,729.403,97.765,453,1396,8.034,76340020.000
233,0.011,837.885,158.028,516,1297,9.229,87693927.000
234,0.011,718.939,71.444,507,1223,7.919,75244884.000
235,0.011,14760.811,1026.054,3571,18134,162.587,1544881267.000
236,0.011,525.949,50.624,306,739,5.793,55046386.000
237,0.011,699.455,82.612,444,1205,7.704,73205646.000
238,0.011,984.632,130.282,592,1868,10.846,103052577.000
239,0.011,534.654,73.365,317,799,5.889,55957385.000
240,0.011,508.605,56.440,297,720,5.602,53231136.000
241,0.011,631.265,55.956,416,1021,6.953,66068803.000
242,0.011,15784.492,826.830,12980,18710,173.863,1652020735.000
243,0.011,634.031,63.784,395,889,6.984,66358348.000
244,0.011,712.413,129.280,453,1266,7.847,74561842.000
245,0.011,572.942,57.772,378,849,6.311,59964656.000
246,0.011,588.056,38.073,319,759,6.477,61546507.000
247,0.011,576.132,48.259,326,792,6.346,60298528.000
248,0.011,523.371,59.474,329,1276,5.765,54776502.000
249,0.011,16334.513,1176.346,13698,23389,179.921,1709586414.000
250,0.011,588.983,38.552,349,770,6.488,61643581.000
251,0.011,666.918,58.269,448,968,7.346,69800326.000
252,0.011,827.804,136.403,521,1263,9.118,86638826.000
253,0.011,775.884,124.728,386,1201,8.546,81204751.000
254,0.011,923.617,147.485,525,1667,10.173,96666660.000
255,0.011,752.998,126.539,426,1470,8.294,78809572.000
256,0.011,10112.614,599.735,7785,17210,111.388,1058396339.000
257,0.011,572.184,83.560,344,848,6.302,59885316.000
258,0.011,814.287,138.260,410,1358,8.969,85224117.000
259,0.011,950.726,128.327,561,1407,10.472,99503949.000
260,0.011,759.179,105.344,478,1437,8.362,79456459.000
261,0.011,850.755,162.790,513,1319,9.371,89040893.000
262,0.011,750.398,80.014,513,1278,8.265,78537366.000
263,0.011,13665.263,956.253,3237,16800,150.520,1430220045.000
264,0.011,555.471,57.327,330,759,6.118,58136134.000
265,0.011,734.070,93.246,427,1248,8.086,76828485.000
266,0.011,1005.609,140.552,591,1804,11.077,105248043.000
267,0.011,550.855,75.816,358,808,6.068,57653051.000
268,0.011,529.999,61.535,305,752,5.838,55470237.000
269,0.011,657.975,60.992,446,1057,7.247,68864279.000
270,0.011,14637.932,766.983,12100,17294,161.234,1532020599.000
271,0.011,662.026,71.493,433,915,7.292,69288255.000
272,0.011,732.995,135.860,447,1258,8.074,76715949.000
273,0.011,599.792,65.221,395,913,6.607,62774831.000
274,0.011,608.879,41.052,349,849,6.707,63725877.000
275,0.011,601.050,54.020,360,846,6.620,62906546.000
276,0.011,537.720,63.977,364,1319,5.923,56278331.000
277,0.011,15195.343,1081.226,12768,21449,167.374,1590359765.000
278,0.011,615.303,42.863,407,819,6.777,64398233.000
279,0.011,691.807,65.317,445,983,7.620,72405247.000
280,0.011,841.825,143.320,509,1273,9.273,88106287.000
281,0.011,823.865,132.797,422,1307,9.075,86226577.000
282,0.011,972.330,158.751,580,1745,10.710,101765012.000
283,0.011,800.481,133.993,496,1545,8.817,83779137.000
284,0.011,9441.399,604.063,7435,16751,103.995,988146304.000
285,0.011,611.059,90.680,359,915,6.731,63954035.000
286,0.011,872.427,149.369,470,1480,9.610,91309050.000
287,0.011,997.466,138.208,588,1476,10.987,104395740.000
288,0.011,793.234,113.418,516,1547,8.737,83020632.000
289,0.011,869.857,168.626,516,1344,9.581,91040139.000
290,0.011,786.215,88.777,524,1335,8.660,82286089.000
291,0.011,12710.224,892.605,3146,15718,140.001,1330264715.000
292,0.011,588.644,64.189,354,806,6.484,61608019.000
293,0.011,773.621,103.954,470,1309,8.521,80967944.000
294,0.011,1033.823,151.185,574,1834,11.387,108201000.000
295,0.011,571.587,78.943,357,822,6.296,59822877.000
296,0.011,555.231,66.957,280,815,6.116,58111026.000
297,0.011,689.033,66.914,437,1101,7.590,72114837.000
298,0.011,13639.165,719.205,11206,16356,150.233,1427488696.000
299,0.011,693.646,79.405,427,968,7.640,72597706.000
300,0.011,759.284,143.214,481,1314,8.363,79467406.000
301,0.011,632.186,73.135,403,989,6.963,66165223.000
302,0.011,633.752,45.325,386,829,6.981,66329090.000
303,0.011,632.189,60.968,364,898,6.963,66165534.000
304,0.011,555.643,68.926,341,1345,6.120,58154127.000
305,0.011,14197.986,1002.286,11934,20030,156.388,1485975430.000
306,0.011,647.460,48.139,385,877,7.132,67763804.000
307,0.011,721.700,73.530,486,1059,7.949,75533806.000
308,0.011,862.229,151.676,536,1361,9.497,90241733.000
309,0.011,871.608,138.703,468,1325,9.601,91223375.000
310,0.011,1021.195,168.246,571,1900,11.248,106879265.000
311,0.011,849.387,140.007,501,1565,9.356,88897701.000
312,0.011,8851.940,604.260,6755,16301,97.502,926452919.000
313,0.011,650.816,96.942,378,969,7.169,68115091.000
314,0.011,931.079,158.562,488,1494,10.256,97447624.000
315,0.011,1044.267,146.682,628,1569,11.502,109294048.000
316,0.011,831.964,120.808,507,1595,9.164,87074197.000
317,0.011,893.462,175.051,539,1427,9.841,93510594.000
318,0.011,825.569,97.490,539,1360,9.093,86404840.000
319,0.011,11886.535,839.530,2872,14673,130.928,1244056687.000
320,0.011,624.252,70.583,373,854,6.876,65334838.000
321,0.011,817.060,115.016,517,1354,9.000,85514353.000
322,0.011,1067.979,162.405,629,1896,11.764,111775801.000
323,0.011,595.699,82.063,365,864,6.562,62346475.000
324,0.011,584.009,72.417,340,888,6.433,61122984.000
325,0.011,724.003,73.412,458,1133,7.975,75774919.000
326,0.011,12768.099,678.185,10521,15486,140.638,1336322038.000
327,0.011,728.037,87.448,471,1031,8.019,76197060.000
328,0.011,790.281,150.759,471,1346,8.705,82711594.000
329,0.011,669.149,81.226,429,1060,7.371,70033835.000
330,0.011,664.313,50.799,399,931,7.317,69527685.000
331,0.011,668.590,68.794,391,970,7.364,69975321.000
332,0.011,577.207,74.593,360,1373,6.358,60411047.000
333,0.011,13327.022,935.331,11153,19373,146.795,1394819501.000
334,0.011,685.340,54.152,435,945,7.549,71728389.000
335,0.011,756.087,82.291,507,1093,8.328,79132845.000
336,0.011,888.630,160.375,534,1387,9.788,93004946.000
337,0.011,919.730,143.958,481,1390,10.131,96259843.000
338,0.011,1068.222,176.607,540,1938,11.766,111801160.000
339,0.011,899.671,144.792,545,1578,9.910,94160517.000
340,0.011,8332.303,607.888,6278,16103,91.779,872067147.000
341,0.011,690.871,102.196,444,1018,7.610,72307285.000
342,0.011,990.605,166.561,554,1566,10.911,103677729.000
343,0.011,1092.576,154.051,649,1613,12.035,114350124.000
344,0.011,873.209,128.253,558,1552,9.618,91390877.000
345,0.011,919.875,180.929,532,1447,10.132,96275029.000
346,0.011,867.449,105.619,584,1457,9.555,90788062.000
347,0.011,11153.197,792.512,2772,13840,122.850,1167304706.000
348,0.011,661.680,76.671,371,899,7.288,69252104.000
349,0.011,862.723,125.306,510,1508,9.503,90293444.000
350,0.011,1104.368,172.551,653,1878,12.164,115584299.000
351,0.011,623.145,85.007,378,908,6.864,65218947.000
352,0.011,615.175,77.386,361,973,6.776,64384863.000
353,0.011,761.974,80.413,484,1198,8.393,79748913.000
354,0.011,11996.809,639.003,9911,14826,132.143,1255598015.000
355,0.011,764.816,95.253,475,1089,8.424,80046432.000
356,0.011,823.695,158.485,494,1402,9.073,86208693.000
357,0.011,708.804,89.339,417,1181,7.807,74184166.000
358,0.011,698.839,56.965,399,1024,7.698,73141174.000
359,0.011,708.876,77.266,418,1019,7.808,74191665.000
360,0.011,601.727,79.933,394,1341,6.628,62977323.000
361,0.011,12548.252,875.511,10549,17970,138.217,1313312639.000
362,0.011,726.977,60.110,439,1026,8.008,76086136.000
363,0.011,794.463,91.132,527,1148,8.751,83149317.000
364,0.011,920.154,169.409,529,1442,10.135,96304222.000
365,0.011,968.113,147.281,504,1470,10.664,101323696.000
366,0.011,1115.909,184.396,627,2021,12.292,116792161.000
367,0.011,950.137,148.781,590,1563,10.466,99442286.000
368,0.011,7872.806,608.797,6034,15711,86.717,823975699.000
369,0.011,730.895,106.690,448,1071,8.051,76496193.000
370,0.011,1049.935,173.203,594,1637,11.565,109887224.000
371,0.011,1140.610,159.847,696,1682,12.564,119377355.000
372,0.011,915.378,134.336,569,1654,10.083,95804396.000
373,0.011,946.753,186.301,586,1513,10.428,99088106.000
374,0.011,910.607,113.100,609,1399,10.030,95305060.000
375,0.011,10492.732,748.601,2652,13128,115.575,1098179873.000
376,0.011,699.255,82.080,394,975,7.702,73184707.000
377,0.011,910.726,135.136,544,1469,10.031,95317480.000
378,0.011,1144.779,183.124,672,1915,12.610,119813672.000
379,0.011,652.163,87.596,400,957,7.183,68255992.000
380,0.011,647.881,82.011,392,1016,7.136,67807828.000
381,0.011,801.535,87.533,452,1216,8.829,83889502.000
382,0.011,11300.950,608.856,9317,14018,124.478,1182768760.000
383,0.011,802.076,102.549,506,1166,8.835,83946104.000
384,0.011,859.992,165.710,528,1463,9.473,90007594.000
385,0.011,751.828,97.107,469,1194,8.281,78687039.000
386,0.011,736.564,63.168,393,1111,8.113,77089563.000
387,0.011,752.708,85.428,442,1083,8.291,78779123.000
388,0.011,628.562,85.161,386,1356,6.923,65785959.000
389,0.011,11846.959,824.467,9980,16868,130.492,1239914583.000
390,0.011,772.698,66.384,488,1098,8.511,80871358.000
391,0.011,835.824,100.119,557,1255,9.206,87478174.000
392,0.011,952.986,177.180,559,1514,10.497,99740443.000
393,0.011,1014.789,149.993,572,1517,11.178,106208829.000
394,0.011,1162.455,191.493,685,2203,12.804,121663714.000
395,0.011,1000.770,151.669,612,1615,11.023,104741621.000
396,0.011,7456.586,612.275,5721,15371,82.133,780413697.000
397,0.011,770.271,110.464,485,1123,8.484,80617305.000
398,0.011,1108.321,179.814,593,1818,12.208,115998032.000
399,0.011,1189.120,165.174,718,1725,13.098,124454473.000
400,0.011,960.469,140.003,599,1656,10.579,100523648.000
401,0.011,977.290,191.633,596,1529,10.765,102284111.000
402,0.011,956.031,119.945,645,1443,10.530,100059169.000
403,0.011,9903.725,710.616,2494,12546,109.088,1036533771.000
404,0.011,738.085,87.058,447,1040,8.130,77248724.000
405,0.011,960.622,144.133,586,1514,10.581,100539665.000
406,0.011,1190.112,193.647,706,1935,13.109,124558348.000
407,0.011,683.281,89.527,436,991,7.526,71512899.000
408,0.011,682.495,86.350,392,1091,7.518,71430582.000
409,0.011,843.072,94.824,508,1238,9.286,88236810.000
410,0.011,10681.161,579.192,8865,13297,117.651,1117901022.000
411,0.011,840.525,109.464,493,1220,9.258,87970232.000
412,0.011,899.902,173.605,541,1534,9.912,94184678.000
413,0.011,797.834,105.435,503,1307,8.788,83502087.000
414,0.011,778.486,70.141,458,1246,8.575,81477143.000
415,0.011,798.836,93.970,482,1188,8.799,83606959.000
416,0.011,657.387,89.985,424,1386,7.241,68802760.000
417,0.011,11226.780,779.551,9426,16084,123.661,1175006017.000
418,0.011,821.372,72.087,498,1158,9.047,85965667.000
419,0.011,879.668,108.139,584,1326,9.689,92066889.000
420,0.011,990.243,185.521,583,1602,10.907,103639817.000
421,0.011,1060.894,151.400,566,1596,11.686,111034208.000
422,0.011,1205.149,196.886,682,2341,13.274,126132101.000
423,0.011,1051.855,153.731,667,1683,11.586,110088146.000
424,0.011,7083.169,615.041,5416,15082,78.020,741331500.000
425,0.011,808.087,113.551,503,1195,8.901,84575208.000
426,0.011,1166.983,185.714,679,1901,12.854,122137618.000
427,0.011,1235.238,168.920,791,1773,13.606,129281195.000
428,0.011,1004.736,144.994,648,1773,11.067,105156670.000
429,0.011,1008.307,196.817,621,1598,11.106,105530421.000
430,0.011,1000.905,126.040,676,1535,11.025,104755674.000
431,0.011,9377.223,676.631,2463,11805,103.288,981429523.000
432,0.011,776.260,91.197,485,1081,8.550,81244159.000
433,0.011,1010.519,152.561,632,1540,11.131,105761897.000
434,0.011,1233.259,202.678,726,2000,13.584,129074146.000
435,0.011,715.437,91.026,449,1045,7.880,74878340.000
436,0.011,717.543,89.918,398,1165,7.904,75098801.000
437,0.011,885.366,101.694,509,1368,9.752,92663266.000
438,0.011,10126.784,554.495,8336,12804,111.545,1059879337.000
439,0.011,878.487,115.572,563,1262,9.676,91943347.000
440,0.011,939.351,180.678,562,1557,10.347,98313445.000
441,0.011,843.410,113.889,532,1417,9.290,88272125.000
442,0.011,822.532,76.517,456,1311,9.060,86087035.000
443,0.011,845.596,101.314,501,1248,9.314,88500917.000
444,0.011,687.112,94.375,441,1381,7.568,71913786.000
445,0.011,10658.676,740.137,8905,15151,117.403,1115547703.000
446,0.011,871.064,77.090,584,1231,9.595,91166478.000
447,0.011,924.297,115.461,616,1415,10.181,96737846.000
448,0.011,1026.895,192.482,604,1695,11.311,107475865.000
449,0.011,1106.478,153.094,624,1635,12.188,115805092.000
450,0.011,1249.476,202.790,751,2362,13.763,130771359.000
451,0.011,1101.906,155.365,717,1711,12.137,115326633.000
452,0.011,6755.379,617.047,5103,14977,74.409,707024671.000
453,0.011,845.775,116.107,544,1300,9.316,88519641.000
454,0.011,1224.191,191.114,692,2072,13.484,128125066.000
455,0.011,1281.912,172.436,791,1854,14.120,134166203.000
456,0.011,1048.887,148.907,704,1735,11.553,109777519.000
457,0.011,1039.042,201.295,638,1633,11.445,108747198.000
458,0.011,1046.429,131.584,715,1577,11.526,109520264.000
459,0.011,8899.516,646.076,2334,11152,98.026,931432285.000
460,0.011,813.240,94.722,498,1100,8.958,85114485.000
461,0.011,1061.237,159.901,614,1611,11.689,111070142.000
462,0.011,1279.579,212.079,751,2011,14.094,133922044.000
463,0.011,747.819,92.364,478,1058,8.237,78267463.000
464,0.011,752.432,93.283,430,1230,8.288,78750256.000
465,0.011,927.659,108.173,551,1392,10.218,97089711.000
466,0.011,9623.467,531.706,7911,12488,106.001,1007201667.000
467,0.011,916.300,121.182,593,1330,10.093,95900837.000
468,0.011,980.212,186.803,563,1617,10.797,102589977.000
469,0.011,890.405,123.034,536,1627,9.808,93190674.000
470,0.011,867.098,82.879,510,1392,9.551,90751294.000
471,0.011,893.850,108.500,518,1344,9.846,93551233.000
472,0.011,717.317,97.985,467,1427,7.901,75075149.000
473,0.011,10140.417,705.714,8537,14386,111.695,1061306146.000
474,0.011,923.671,81.797,628,1313,10.174,96672283.000
475,0.011,970.064,122.306,680,1555,10.685,101527897.000
476,0.011,1066.635,199.552,638,1730,11.749,111635062.000
477,0.011,1150.798,154.113,690,1772,12.676,120443691.000
478,0.011,1290.433,207.636,802,2506,14.214,135057989.000
479,0.011,1151.619,156.109,760,1738,12.685,120529572.000
480,0.011,6456.626,620.864,4892,14818,71.118,675756905.000
481,0.011,881.532,118.288,568,1417,9.710,92262059.000
482,0.011,1281.462,196.493,740,2203,14.115,134119101.000
483,0.011,1327.057,175.121,836,1923,14.617,138891081.000
484,0.011,1094.847,152.598,700,1811,12.060,114587824.000
485,0.011,1072.023,206.057,652,1691,11.808,112198996.000
486,0.011,1091.942,136.328,729,1576,12.028,114283787.000
487,0.011,8472.607,618.658,2176,10743,93.324,886751484.000
488,0.011,850.203,97.850,537,1160,9.365,88983120.000
489,0.011,1111.110,166.928,680,1653,12.239,116289935.000
490,0.011,1324.390,220.057,775,2020,14.588,138612007.000
491,0.011,781.250,93.078,516,1114,8.605,81766441.000
492,0.011,788.058,95.784,453,1254,8.680,82478939.000
493,0.011,970.792,114.571,579,1520,10.693,101604029.000
494,0.011,9168.701,513.201,7628,11997,100.991,959605416.000
495,0.011,953.043,126.250,622,1384,10.498,99746469.000
496,0.011,1020.181,192.786,613,1733,11.237,106773194.000
497,0.011,936.280,132.590,581,1856,10.313,97991971.000
498,0.011,913.250,88.557,534,1542,10.059,95581690.000
499,0.011,941.542,114.877,564,1454,10.371,98542704.000
500,0.011,748.474,101.335,471,1449,8.244,78336078.000
501,0.011,9684.379,673.808,8096,13775,106.672,1013576757.000
502,0.011,975.659,86.270,640,1405,10.747,102113494.000
503,0.011,1015.720,128.053,715,1575,11.188,106306232.000
504,0.011,1106.174,205.910,645,1788,12.184,115773241.000
505,0.011,1193.454,154.955,756,1743,13.146,124908113.000
506,0.011,1329.956,211.498,792,2623,14.649,139194552.000
507,0.011,1200.201,156.563,802,1774,13.220,125614259.000
508,0.011,6185.294,621.499,4641,14457,68.130,647359079.000
509,0.011,916.232,119.870,599,1444,10.092,95893788.000
510,0.011,1336.441,201.314,742,2361,14.721,139873216.000
511,0.011,1369.463,177.000,874,1939,15.084,143329368.000
512,0.011,1139.842,155.760,767,1904,12.555,119296968.000
513,0.011,1103.884,209.757,656,1737,12.159,115533628.000
514,0.011,1136.822,140.841,774,1676,12.522,118980945.000
515,0.011,8079.566,593.294,2117,10322,88.995,845615490.000
516,0.011,885.719,100.697,519,1233,9.756,92700264.000
517,0.011,1161.031,173.164,685,1722,12.789,121514689.000
518,0.011,1370.675,227.550,759,2061,15.098,143456165.000
519,0.011,814.820,93.315,562,1167,8.975,85279853.000
520,0.011,823.856,97.888,502,1335,9.075,86225612.000
521,0.011,1013.332,120.581,612,1551,11.162,106056344.000
522,0.011,8748.240,494.884,7268,11526,96.360,915599528.000
523,0.011,988.884,130.888,634,1472,10.892,103497565.000
524,0.011,1061.343,198.330,622,1879,11.690,111081236.000
525,0.011,982.988,143.763,630,2103,10.827,102880474.000
526,0.011,960.458,94.616,581,1628,10.579,100522458.000
527,0.011,990.025,120.579,605,1503,10.905,103617015.000
528,0.011,779.497,104.206,496,1465,8.586,81582920.000
529,0.011,9266.981,643.839,7708,13330,102.074,969891518.000
530,0.011,1028.853,89.996,628,1503,11.333,107680836.000
531,0.011,1060.935,133.241,727,1645,11.686,111038540.000
532,0.011,1145.875,211.503,709,1942,12.622,119928398.000
533,0.011,1236.961,156.134,771,1748,13.625,129461586.000
534,0.011,1371.580,216.669,872,2721,15.108,143550890.000
535,0.011,1253.040,158.414,858,1783,13.802,131144377.000
536,0.011,5986.733,632.770,4685,14422,65.943,626577486.000
537,0.011,951.216,122.065,603,1548,10.477,99555213.000
538,0.011,1395.927,208.074,854,2479,15.376,146099112.000
539,0.011,1417.305,180.566,944,2002,15.611,148336550.000
540,0.011,1200.842,162.364,826,1978,13.227,125681332.000
541,0.011,1161.585,220.841,725,1795,12.795,121572639.000
542,0.011,1197.400,147.783,815,1668,13.189,125321098.000
543,0.011,7858.096,581.379,2068,9985,86.555,822436193.000
544,0.011,923.608,103.768,583,1279,10.173,96665742.000
545,0.011,1218.516,181.709,740,1789,13.422,127531153.000
546,0.011,1439.319,240.031,844,2171,15.854,150640578.000
547,0.011,856.178,92.867,578,1208,9.431,89608467.000
548,0.011,868.331,98.741,501,1381,9.565,90880425.000
549,0.011,1059.115,126.718,636,1614,11.666,110847991.000
550,0.011,8434.836,480.189,6963,11222,92.908,882798419.000
551,0.011,1028.261,135.549,652,1503,11.326,107618829.000
552,0.011,1118.295,210.055,692,1856,12.318,117041921.000
553,0.011,1040.608,157.977,664,2458,11.462,108911035.000
554,0.011,1019.401,102.632,575,1810,11.229,106691562.000
555,0.011,1038.447,126.322,622,1600,11.438,108684914.000
556,0.011,814.033,108.308,525,1501,8.966,85197478.000
557,0.011,9073.791,628.329,7601,12872,99.946,949672051.000
558,0.011,1084.114,94.386,638,1519,11.941,113464491.000
559,0.011,1111.437,139.737,797,1729,12.242,116324115.000
560,0.011,1191.787,219.310,718,2061,13.127,124733662.000
561,0.011,1276.299,155.664,764,1818,14.058,133578683.000
562,0.011,1403.233,218.839,787,2974,15.456,146863797.000
563,0.011,1299.586,157.551,892,1859,14.315,136015962.000
564,0.011,5758.377,636.445,4306,14315,63.427,602677500.000
565,0.011,981.669,123.030,652,1594,10.813,102742433.000
566,0.011,1449.656,213.273,855,2653,15.968,151722408.000
567,0.011,1454.548,180.909,916,2065,16.022,152234426.000
568,0.011,1235.632,163.783,870,1945,13.610,129322529.000
569,0.011,1195.586,228.168,728,1869,13.169,125131218.000
570,0.011,1232.198,149.682,837,1860,13.572,128963073.000
571,0.011,7586.669,565.910,2061,9651,83.566,794028397.000
572,0.011,960.017,106.529,597,1290,10.574,100476374.000
573,0.011,1262.198,185.954,836,1817,13.903,132102853.000
574,0.011,1473.126,243.072,829,2175,16.226,154178796.000
575,0.011,893.436,93.803,558,1263,9.841,93507903.000
576,0.011,906.607,102.897,578,1456,9.986,94886433.000
577,0.011,1102.837,132.199,664,1744,12.148,115423984.000
578,0.011,8101.007,466.980,6670,10775,89.231,847859444.000
579,0.011,1065.385,140.127,664,1603,11.735,111504275.000
580,0.011,1150.807,211.577,719,1952,12.676,120444661.000
581,0.011,1080.217,171.358,681,2686,11.898,113056604.000
582,0.011,1055.995,107.411,653,1907,11.632,110521538.000
583,0.011,1081.860,130.636,633,1680,11.916,113228569.000
584,0.011,847.542,110.481,564,1509,9.336,88704557.000
585,0.011,8629.174,606.141,7220,12330,95.049,903137973.000
586,0.011,1131.329,97.136,786,1602,12.461,118406073.000
587,0.011,1153.391,143.248,830,1792,12.704,120715004.000
588,0.011,1228.157,223.161,756,2123,13.528,128540154.000
589,0.011,1316.863,155.338,842,1837,14.505,137824175.000
590,0.011,1441.691,222.736,890,2927,15.880,150888862.000
591,0.011,1347.830,157.829,927,1898,14.846,141065248.000
592,0.011,5569.434,641.237,4374,14334,61.346,582902508.000
593,0.011,1014.826,124.676,670,1722,11.178,106212712.000
594,0.011,1504.503,218.155,963,2757,16.572,157462766.000
595,0.011,1497.874,182.265,993,2096,16.499,156768964.000
596,0.011,1286.131,167.052,898,2012,14.166,134607750.000
597,0.011,1235.953,234.261,759,1939,13.614,129356039.000
598,0.011,1280.643,154.007,848,1838,14.106,134033350.000
599,0.011,7339.359,550.628,2044,9370,80.842,768144656.000
600,0.011,995.708,108.777,627,1344,10.968,104211751.000
601,0.011,1314.296,192.353,848,1896,14.477,137555553.000
602,0.011,1526.568,251.264,897,2290,16.815,159772145.000
603,0.011,931.193,93.401,661,1288,10.257,97459604.000
604,0.011,945.634,105.014,601,1497,10.416,98970996.000
605,0.011,1147.137,138.036,703,1851,12.635,120060464.000
606,0.011,7802.604,454.645,6434,10540,85.944,816628321.000
607,0.011,1102.209,143.902,635,1663,12.141,115358271.000
608,0.011,1198.343,218.282,729,2048,13.200,125419817.000
609,0.011,1131.859,187.446,728,3018,12.467,118461500.000
610,0.011,1108.459,113.654,699,2108,12.209,116012423.000
611,0.011,1129.885,135.141,641,1763,12.445,118254855.000
612,0.011,881.352,112.930,561,1520,9.708,92243211.000
613,0.011,8336.525,582.433,6980,11718,91.825,872509015.000
614,0.011,1183.597,100.056,812,1699,13.037,123876493.000
615,0.011,1200.715,148.096,832,1891,13.226,125668026.000
616,0.011,1271.438,229.019,788,2229,14.005,133070007.000
617,0.011,1355.725,155.320,869,1910,14.933,141891516.000
618,0.011,1475.967,225.997,861,2990,16.257,154476146.000
619,0.011,1393.354,156.919,976,1966,15.348,145829856.000
620,0.011,5374.118,641.299,4252,14253,59.195,562460556.000
621,0.011,1045.291,125.316,691,1773,11.514,109401225.000
622,0.011,1556.796,222.232,974,2936,17.148,162935854.000
623,0.011,1537.714,182.672,1023,2150,16.938,160938673.000
624,0.011,1320.122,166.960,917,1951,14.541,138165283.000
625,0.011,1256.637,234.395,768,1947,13.842,131520916.000
626,0.011,1315.815,155.637,917,1906,14.493,137714476.000
627,0.011,7015.564,528.518,1946,9022,77.275,734255958.000
628,0.011,1027.427,110.434,668,1392,11.317,107531548.000
629,0.011,1360.520,196.392,916,2008,14.986,142393334.000
630,0.011,1562.498,254.600,907,2366,17.211,163532652.000
631,0.011,962.318,93.193,676,1328,10.600,100717161.000
632,0.011,976.125,107.306,603,1567,10.752,102162229.000
633,0.011,1189.303,143.467,688,1937,13.100,124473674.000
634,0.011,7498.956,441.348,6171,10262,82.600,784848215.000
635,0.011,1136.066,147.302,738,1724,12.514,118901802.000
636,0.011,1232.623,219.340,776,2136,13.577,129007506.000
637,0.011,1173.111,204.025,704,3428,12.922,122778952.000
638,0.011,1145.603,117.654,756,2113,12.619,119899983.000
639,0.011,1175.065,138.381,749,1850,12.943,122983530.000
640,0.011,911.876,113.662,608,1534,10.044,95437893.000
641,0.011,7935.108,559.162,6597,11440,87.404,830496376.000
642,0.011,1232.445,101.584,830,1786,13.575,128988922.000
643,0.011,1243.621,151.307,888,1980,13.698,130158656.000
644,0.011,1309.779,232.443,827,2317,14.427,137082785.000
645,0.011,1393.868,155.475,856,1953,15.353,145883636.000
646,0.011,1512.398,229.503,939,3131,16.659,158289095.000
647,0.011,1438.564,156.707,1003,1980,15.846,150561551.000
648,0.011,5205.390,644.789,4002,14181,57.336,544801298.000
649,0.011,1076.787,126.463,727,1860,11.861,112697595.000
650,0.011,1608.853,226.688,1061,3084,17.721,168384207.000
651,0.011,1577.842,182.732,1009,2198,17.380,165138475.000
652,0.011,1358.010,167.273,965,1968,14.958,142130685.000
653,0.011,1280.408,234.719,791,1947,14.103,134008828.000
654,0.011,1354.599,157.967,950,1935,14.921,141773730.000
655,0.011,6732.136,510.052,1770,8727,74.153,704592114.000
656,0.011,1059.441,111.611,640,1447,11.670,110882184.000
657,0.011,1410.418,201.000,917,2087,15.535,147615708.000
658,0.011,1606.954,260.049,946,2418,17.700,168185433.000
659,0.011,993.236,92.612,710,1376,10.940,103953057.000
660,0.011,1006.002,109.382,626,1614,11.081,105289132.000
661,0.011,1230.583,148.444,725,2038,13.555,128794021.000
662,0.011,7204.111,430.469,5958,9926,79.352,753989450.000
663,0.011,1168.513,150.250,768,1768,12.871,122297743.000
664,0.011,1272.719,221.042,771,2166,14.019,133204079.000
665,0.011,1221.265,223.378,781,3852,13.452,127818827.000
666,0.011,1185.650,122.303,657,2214,13.060,124091266.000
667,0.011,1222.199,141.660,788,1927,13.462,127916621.000
668,0.011,942.620,114.274,650,1547,10.383,98655585.000
669,0.011,7595.360,538.076,6352,10744,83.661,794937940.000
670,0.011,1282.146,103.369,886,1854,14.123,134190672.000
671,0.011,1289.711,154.886,946,2013,14.206,134982462.000
672,0.011,1351.150,237.410,849,2435,14.883,141412709.000
673,0.011,1430.743,154.753,953,1983,15.759,149743010.000
674,0.011,1545.003,231.222,961,3226,17.018,161701576.000
675,0.011,1482.894,155.701,1063,2040,16.334,155201216.000
676,0.011,5046.523,641.106,3815,13890,55.586,528174167.000
677,0.011,1105.993,126.899,769,1939,12.182,115754297.000
678,0.011,1659.694,230.842,1047,3171,18.281,173705254.000
679,0.011,1615.051,182.403,963,2225,17.789,169032843.000
680,0.011,1401.315,167.508,1020,2062,15.435,146663015.000
681,0.011,1308.232,235.911,817,2043,14.410,136920831.000
682,0.011,1396.259,160.445,973,1977,15.380,146133879.000
683,0.011,6489.942,493.708,1739,8345,71.485,679243792.000
684,0.011,1089.938,112.906,659,1470,12.005,114073969.000
685,0.011,1457.651,205.037,939,2156,16.056,152559235.000
686,0.011,1651.182,265.355,984,2493,18.187,172814396.000
687,0.011,1025.923,91.669,738,1391,11.300,107374095.000
688,0.011,1038.416,110.476,699,1669,11.438,108681699.000
689,0.011,1271.723,153.730,752,2177,14.008,133099759.000
690,0.011,6952.792,420.587,5717,9565,76.584,727686188.000
691,0.011,1200.136,152.975,766,1833,13.219,125607388.000
692,0.011,1314.991,226.380,823,2269,14.484,137628288.000
693,0.011,1266.904,243.676,790,4217,13.955,132595477.000
694,0.011,1236.221,127.270,821,2327,13.617,129384094.000
695,0.011,1266.126,145.216,809,2069,13.946,132514040.000
696,0.011,973.602,115.425,667,1560,10.724,101898151.000
697,0.011,7364.502,522.433,6134,10503,81.119,770776137.000
698,0.011,1327.431,105.535,822,1867,14.621,138930296.000
699,0.011,1332.441,157.953,960,2099,14.677,139454618.000
700,0.011,1390.765,241.516,897,2551,15.319,145558893.000
